Autor,Komentar,Vaha
Andy Andyka,"Ja uÅ¾ sa rehocem, Å¾e za za to mÃ´Å¾e FicoğŸ˜‚, eÅ¡te Å¾e ho mÃ¡me, lebo na koho inÃ©ho by si to hodil!? LipÅ¡ic je pri vÅ¡etkÃ½ch megakauzach,ani to nenÃ­ nahodiÄka.Andy uÅ¾ sa ti to krÃ¡tiÂ ğŸ˜‰ ",0
milan kubica,co toto trapne teliatko vie o zivote koho chce hodnotit ved este ma materinske mlieko na brade,1
marta jasanova,je to skodna.,1
paula hornakova,mozno sa chce dostat do parlamentu ako ta jedna co uz je tam,0
peter hering,ta klame len sa ukaze na ulici.,0
milan hubler,"o takeho cloveka,neoprem ani slepecku palicu....",0
Edita Kocisova,"Pan velkomozny sa skoro rozplakal,ked sa dcera triasla od strachu,lebo mu hrozi 7-12 rokov vezenia,na city ide brnkat ludom,ale my za to nemozeme,prezidente,my sme nepodvadzali,darmo,Lipsic,vychytavka ako pri vsetkych zavaznych cinosch stoji pri jeho boku,vie velmi dobre,ze uz mu ani svetena voda nepomoze,karma pameta... ",0
betka miklosova,"dufam ze ju budu zalovat, a pokial chcetak tu ma video slniecko toto by di mala vyskusat
https://www.facebook.com/groups/954387404657156/permalink/2042144759214743/",1
eva kacalkova,o tom novinari nepisu,0
Margita Saitzova,"Pani KiskovÃ¡ bola mÃºdrejÅ¡ia a prezieravejÅ¡ia, keÄ neschvaÄ¾ovala svojmu manÅ¾elovi rozhodnutie staÅ¥ sa prezidentom. Ona veÄ¾mi dobre vedela, Å¾e preÄo. Vedela, Å¾e toto vÅ¡etko vyplÃ¡va na povrch a bude zle. Mala smolu, Å¾e ju neposlÃºchol a uÅ¾ je to "" tady "". ",0
Eva Sandanusova,"Dnes DennÃ­k N na titulnej strane Fico padol na dno ,Ale z Farskej sa za rok stala osobnosÅ¥., AkÃ¡ je ona osobnosÅ¥ ,Äo ona eÅ¡te len dokÃ¡zala soplana, len to Å¾e preÄÃ­tala na tribÃºne tie Å¾vÃ¡sty Äo jej niekto napÃ­sal. ",1
Darina BaÄa DanielovÃ¡,"MinimÃ¡lne 20rokov tvrdej basy, ten upotenÃ½ mastnÃ½ vlas! A ten lipÅ¡ic je tak nenÃ¡padnÃ½ ,Å¾e normÃ¡lne sa mi chce z neho grcaÅ¥. To je takÃ½ slizkÃ½ had! Fuj.. ",0
Alena Sutakova,No asi mu p. Fico robil ÃºÄtovnÃ­ctvo a daÅˆovÃ© priznanie.Â ğŸ˜€ğŸ˜€ğŸ˜€ğŸ˜€Â A eÅ¡te si zoberie LipÅ¡ica za obhajcu. Vrana k vrane sadÃ¡. ,0
Jozef StarkÃ½ Å½eleznÃ­k,"Lebofico mu kÃ¡zal kradnuÅ¥ a podvÃ¡dzaÅ¥ ! Asi mu drÅ¾al piÅ¡tol pri hlave ! Ach boÅ¾e,takto hlboko klesnuÅ¥,pÃ¡n Kiska !!!",0
Stiwi Man,"OstÃ¡vam sklamanÃ½ z toho, Å¾e Smer SD zvolil Moniku BeÅˆovÃº za lÃ­derku Euro-kandidÃ¡tky. ZaujÃ­mal by ma na to VÃ¡Å¡ nÃ¡zor p.Â Ä½UBOÅ  BLAHA, pretoÅ¾e M. BeÅˆovÃ¡ niekoÄ¾ko krÃ¡t v Europarlamente preukÃ¡zala, Å¾e nezastÃ¡va zÃ¡ujmy obÄanov Slovenska, ale naopak, hlasuje proti ich zÃ¡ujmom. ",0
Jan Hajdoczy,Ono je to tu na Slovensku vo vÅ¡eobecnosti hroznÃ©...poÄnÃºc dobou krstnÃ©ho otca a stvoriteÄ¾a vÅ¡etkÃ½ch politicko ekonomickÃ½ch zlodejov V MeÄiara aÅ¾ po sÃºÄasnosÅ¥ ,0
Viera Stiffelova Kopcanova,"Â To je uÅ¾ riadna hamba, Äo robia, vÅ¡ak sa ti mladÃ­ musia obracaÅ¥ v hrobe. ",0
Ivana KlÄovÃ¡,Manipulaciu stale citime a tak lahko sa to nestrati ... bolo to cely rok zivene klamstvami ,0
Pavol Pablitko Baran,"Â Neviem co berieÅ¡ ale mal by si s tÃ½m prestaÅ¥. VÅ¡etko so vÅ¡etkÃ½m sÃºvisÃ­. ÄŒi logickÃ© sÃºvislosti ti niÄ nehovoria? Bolo tam toÄ¾ko sÃºvislosti so Smerom, Å¾e nato musÃ­ opozÃ­cia poukazovaÅ¥. ÄŒi lepÅ¡ie by bolo vyjadriÅ¥ sÃºstrasÅ¥ a nechaÅ¥ to tak a o rok bude zavraÅ¾denÃ½ ÄalÅ¡Ã­ novinÃ¡r, ÄalÅ¡Ã­ Älovek Äo bude vedieÅ¥ nieÄo viac? VaÅ¡a vlÃ¡da ma toho toÄ¾ko za sebou, Å¾e by som sa bÃ¡l a hanbil chodiÅ¥ po ulici. A nech je Kiska akÃ½ je, na politickej scÃ©ne neni niÄ horÅ¡ie ako Smer, niÄ primitÃ­vnejÅ¡ie ako SNS a niÄ faloÅ¡nejÅ¡ie ako Most.",0
Marie JohanidesovÃ¡,Pan Blaho.celÃ½ den som Äakala na vÃ¡Å¡ koment. TotiÅ¾ mÃ¡m takÃ½ istÃ½ nÃ¡zor . Vtichosti si uctit vyhaslÃ©.Å¾ivoty a nie robit to Äo sa dialo. je to naozaj chorÃ©. ,0
TomÃ¡Å¡ JaroÅ¡,"AÅ¾ na to, Å¾e to priniesol taliansky dennÃ­k a nie slovenskÃ½.Â ğŸ˜‰Â Karma = zdarma. UÅ¾ prestaÅˆ sa zastÃ¡vaÅ¥ toho â€œdiablaâ€ Äo mÃ¡ Kisko fÃ³biu a snaÅ¾Ã­ sa odpÃºtaÅ¥ pozornosÅ¥ od svojich Å¡kandÃ¡lov.ğŸ‘ºÂ KvÃ´li tisÃ­covÃ½m protestom musel odstÃºpiÅ¥ ako premiÃ©r, bol neÃºspeÅ¡nÃ½ kandidÃ¡t na prezidenta, neÃºspeÅ¡nÃ½ kandidÃ¡t na ÃºstavnÃ©ho sudcu. Je Äas odÃ­sÅ¥. LepÅ¡ia doba bez Fica prichÃ¡dza. UÅ¾ sa teÅ¡Ã­m najbliÅ¾Å¡ie ako bude Å efÄoviÄ odchÃ¡dzaÅ¥ s dlhÃ½m nosom a vlÃ¡da ÄervenÃ½ch Äoskoro skonÄÃ­.ğŸŒ… ",0
Ondrej Bernath,Sebastian Ã  skurvenych vykoristovatelskych zlodejskych kapitalistov na Gulagy ,2
Michal Apache Kavcak,Marek Vilim ale nebyva. Riesime tu slovensko a slove sku kampan a slovenskych rasistov predsa....ci si iny? ,0
Marcel Ciriak,"Â neboj sa Michal, prÃ­roda si tento problÃ©m vyrieÅ¡i aj sama ",0
Jozef Sisqo,najprv sa nauc poriadne po slovensky.. ty hrdy Slovak.. mier ,0
Jozef Sisqo,To bolo pre Patrika,0
Mizantrop Mordrake,Kde sÃº tie no go zÃ³ny? Ja poznÃ¡m ObchodnÃº v BA. ,0
Patrik Vesely,AbsolutÂ vy degesi vÅ¡ak uvidÃ­te ,1
Mizantrop Mordrake,"Mirenczko,presne! To sme naposledy videli napr.na Obchodnej,kde chcel biely eurÃ³pan sluÅ¡ne pretiahnuÅ¥ dve devy a nebezpeÄnÃ½ filipÃ­nec Henry ich nebezpeÄne brÃ¡nil,tak dostal po hube ako sa na Slavjanasku patrÃ­..sa zobuÄ a choÄ sa hraÅ¥ s piÅ¡toÄ¾kami. ",0
Martin Nacahnuty,"BoÅ¾e..mordrake...zas si si fetol? Raz za uhorsky rok sa stane nieco take,a ides to omielat od rana do veceraÂ by som ta vzal za rucicku vecer niekam k ciganskej osade...by ta mozno osvietilo a nepisal by si tu tie dristy... ",1
Mizantrop Mordrake,"Funda Metalista Ja som s rÃ³mami nemal nikdy problÃ©m,prÃ¡veÅ¾e s bielymi nÃ¡ckami. ",0
Roland Benko,"Ty si SLOVAK ? Tak sa najskor nauc pisat spisovne po slovensky ty truhlik... Asi mas z toho hnusneho Absolutu tiez IQ riadne zrazene, takze dufam ze tie deti ani nikdy mat nebudes.. ",1
Mizantrop Mordrake,"Slovensko nie je vÃ´bec rasistickÃ©..holokaust je toho dÃ´kazom. Daliborko..ja som bol v Taliansku a vo FrancÃºzsku a vÃ´bec som sa tam necÃ­til nebezpeÄne..s Äernochmi a arabmi mÃ¡m prÃ¡ve najlepÅ¡ie spomienky. MilÃ­ a veselÃ­ Ä¾udia. Dokonca oficiÃ¡lne je podÄ¾aÂ Å¡tatistÃ­k polÃ­cie v Nemecku najniÅ¾Å¡ia kriminalita od r.1992 a napr. ViedeÅˆ (RakÃºsko),kde sÃº tisÃ­ce migrantov bola vyhlÃ¡senÃ¡ za najbezpeÄnejÅ¡ie mesto na svete. Naopak slovÃ¡ci naposledy vo Viedni terorizovali okolie,vykradli a zdemolovali benzÃ­nku..slovaÄ je v oÄiach rakÃºÅ¡anov viac nebezpeÄnÃ¡ ako Ä¾udia,ktorÃ­ utekajÃº pred vojnou Äi chudobou eurÃ³panmi spÃ´sobenou.11Hide or report this ",0
Hruza Majova,"Â V kazdom pripade je taketo dievca v slovenskom kroji prinajmensom raritou . Ja som taketo nieco este v zivote nevidela, nie je to teda bezna vec tak ako sa to snazi reklama vykreslit. Ba ano videla som Ibiho, slovenskeho bacu - ale to nemalo tento odporny a spinavy rasisticky podton, bolo to naopak velmi mile, vtipne a spontanne-presne take aky je aj IBI , ktoreho my Slovaci milujeme bez ohladu na to akej je farby pleti. A v tom to presne je! Uvedomte si vazena Absolut company ze tu nejde o rasizmus zo strany nas pisatelov a Slovakov,,,, ide tu o viac, o vzorec kultury, zvyky a obycaje,na ktore mame ako prislusnici tohto naroda urcity nazor a ide o veci , na ktore sme bezne zvyknuti a hlavne o VASU NEUCTU K TOMUTO DEDICSTVU!. My si tiez nedavame na hlavy celenky z peria a nezacneme skakat okolo ohna na namesti SNP s tym, ze sme povedzme indiani alebo zulu ....absolut zneuzila VSETKYCH, AJ tu dievcinu z reklamy AJ slovensku kulturu. UCTA VAM NIC NEHOVORI VSAK? Je to naozaj velka hanba ! ",1
Erich NÃ©meth,"Michal Apache Kavcak Prave si sa k tÃ½m ohovarajucim a hanbu robiacim hovadam sam zapÃ­sal, Äo tu vlastne robÃ­Å¡, keÄ ti slovÃ¡ci tak ubliÅ¾ujÃº? ",0
Sergej Plachetka,"Estera BlaÅ¾kovÃ¡ jasnÃ© ako povieÅ¡, slnieÄkar Å¥a rÃ¡no oblieka...uÅ¾ nefetuj, tej babe ty a spol/chorÃ© kravy nesiahate ani po Älenky...Bacha aÅ¾ budeÅ¡ ten svoj jed Å¡Ã­riÅ¥ Äalej aby ti na hlave nepraskla Å¾ilka, pretoÅ¾e by si to nemusela rozchodit, ale o jednu kravu menejÂ ğŸ˜‰ğŸ˜....Zopakujem ti to naposledy, v Zoo medzi svojÃ­mi si ospevuj svoju nadradenosÅ¥ ...... ",1
DÃ¡vid KalÄok,"AbsolutÂ farba je dolezita ,stracame identitu kto vlastne sme.Sme Slovania a tÃ­ su akÃ­? predsa biely ",0
Dalibor Kravarik,A co ked je Slovenka. To je vasa vzorka a cielova skupina? Super marketingğŸ˜‚ğŸ˜‚ğŸ˜‚ğŸ˜‚Â Keby ste vyrobili hnedu vodku a spravili na nu kampan: nemaj predsudky a vypi ju aj tak lebo chuti rovnako tak pitom by tam mohla byt. ,0
Marek Laska,nestastna reklama ktora urcite vzbudila vasne zaobalena za rasizmus cele zle. Obliest mulatku do kroja a poslat ju chlastat do trapnej diskoteky no neviem co bol ucel reklamy ale vodka to nebola. Skuste si pozriet reklamu na Tullamore nikoho neurazi . Tvrdit ze je proti rasizmu je detinske . Cele zle . ,0
Vladko Welder,Sammael Mordrake kvalitne vylÃ­zanÃ© v hlave ,1
Vladko Welder,"Sergej Plachetka pfÃº tak ty budeÅ¡ zrejme gÃ©nius.Len aby tebe nepraskla "" na ""hlave cievka.Ty by si chcel byt nadradenÃ½?Ona o niÄom takom nepÃ­sala,tak sa ukÄ¾udni a nepÃ­Å¡ sprostosti ",1
Zuzana Duzekova,Ingrid HÃºsovÃ¡ sa strÄ a nekÃºp koho to zaujÃ­ma.. ,1
Csilla PolÃ¡k,"Aj alkohol sa dÃ¡ konzumovaÅ¥ s mierou a zodpovedne - a nesprÃ¡vaÅ¥ sa pri Åˆom agresÃ­vne, nÃ¡silnÃ­cky, nesluÅ¡ne, netolerantne. ",0
Matej ChabroÅˆ,Csilla PolÃ¡k trafili ste to . Aj alkohol sa dÃ¡ konzumovaÅ¥ s MIEROU. LenÅ¾e cieÄ¾om ABSOLUT nie je aby Ä¾udia pili s mierouÂ ğŸ˜‚ğŸ˜‚ğŸ˜‚Â lebo miera nie je ziskÂ ğŸ˜‚ ,0
Matej ChabroÅˆ,"Csilla PolÃ¡k cieÄ¾om kaÅ¾dej veÄ¾kej firmy je vacsi objem vyroby, vÃ¤ÄÅ¡Ã­ obrat a v tomto prÃ­pade viac predaneho alkoholu tÃ½m pÃ¡dom viac alkoholikov , viac zniÄenÃ½ch rodin, viac neÅ¡tastnych Å¾ivotovÂ ğŸ˜‚ ",0
SÃ¡m Vlado,"Matej ChabroÅˆ aj fandit by sa malo s mierou, ze? napr. cielom hooligans je sa bit a robit zle. vlastne bez ohladu na zapas... ",0
Ivan SilnickÃ½,"Matej ChabroÅˆ neviem ako tebe ale mne nik nedrÅ¾Ã­ piÅ¡toÄ¾ pri hlave s tÃ½m, Å¾e ak nebudem piÅ¥ tak ma zastrelÃ­. Ak tebe Ã¡no, asi je Äas zavolaÅ¥ polÃ­ciu. ",0
Fero Petrik,"Tak Å¾e piÅ¥ s rozumom ? Ok tak aj rasizmus s rozumom a zodpovedne je sprÃ¡vny ? Aj fetovanie s rozumom Å¾e nedÃ¡m si 2 gramy ale len jeden? Kde je ten rozum , kto zistÃ­ co je rozumnÃ© ? Rodina alkoholika ? NejakÃ½ chudÃ¡k na ceste ktorÃ©ho alkoholik zabije ? ZabÃ­jaÅ¥ nevinnÃ½ch Ä¾udÃ­ na cestÃ¡ch pod vplyvom vÃ¡Å¡ho produktu je tolerancia?.... Rasizmus zabÃ­ja alkoholizmus zabÃ­ja a vÃ¡m ide o to predÃ¡vaÅ¥ viac to znamenÃ¡ len jedno , chcieÅ¥ viac predÃ¡vaÅ¥ na Slovensku kde uÅ¾ sa aj tak pije viac neÅ¾ dosÅ¥ je priama podpora a propagÃ¡cia alkoholizmu niÄ viac ! Vy to chcete a potrebujete !MoÅ¾no raz bude svet takÃ© miesto kde voÄi vÃ¡m za tuto v podstate genocÃ­du ktorÃº pachate bude vyvodenÃ¡ zodpovednosÅ¥ ! NemÃ¡te absolÃºtne Å¾iadny morÃ¡lny kredit nieÄo sÃºdiÅ¥ ! ",0
Absolut,PÃ­Å¡eme slovenskÃ© mamiÄky a dÃ¡me tam... Slovenku. MyslÃ­me to vÃ¡Å¾ne so vÅ¡etkÃ½m reÅ¡pektom k slovenskÃ½m Å¾enÃ¡m.Â âœŒï¸ ,0
Ilor Gondorke Etam,AbsolutÂ kazdy vie preco ste tam dali tuto dievcinu...teraz je to moda..... Slniecko svieti co? ,0
Absolut,"Ilor, pravdou je, Å¾e uÅ¾ v minulosti sme podporovali toleranciu. RobÃ­me to celosvetovo a robÃ­me to aj tu, pretoÅ¾e sme tu tieÅ¾ doma. TentokrÃ¡t to hovorÃ­me hlasnejÅ¡ie, pretoÅ¾e to povaÅ¾ujeme za potrebnÃ©. MyslÃ­me si, Å¾e by sme mali komunikovaÅ¥ nielen zodpovednÃ© pitie, ale aj to, Å¾e by sme sa mali vÅ¡etci tolerovaÅ¥. ",0
Ilor Gondorke Etam,Tolerancia nema nic spolocne z tym co sa deje teraz v europe..a mozno peknymi recickami oblbnete opiteho junckeraÂ ğŸ˜‚ ,0
Anika Orlovska,Slovenka jak repa.... ,0
ChristiÃ¡n Pramuk,SlnieÄko sa znova zaÄÃ­na nudiÅ¥ tak podpichujeÂ :DnaÅ¡Å¥astie kaÅ¾dÃ© Slnko raz vyhasne ,0
KatarÃ­na KollÄa Å ebovÃ¡,"Samo, som Slovenka, ale ani trochu ma tÃ¡to reklama neurazila, ba naopak. Äakujem Absolut. ",0
Jani BaÄi,"KatarÃ­na KollÄa Å ebovÃ¡. Tu prehlasujem, Å¾e VÃ¡m dÃ¡m 5000â‚¬ keÄ Absolut sprÃ¡vy takÃº istÃº reklamu s belochom a bude ju pÃºÅ¡Å¥aÅ¥ v saudskej arabii v najsledovanejÅ¡ej televÃ­zii. ",0
Roland Rony Bukovsky,"Jani BaÄi nespravi...ty cierny, ktorycb ta zboznuju totiz nesmu chlastat...by sa posrali od strachu s niecim takym tam prist. ",0
Martin Luther,"Jani BaÄiÂ tÃ¡to reklama nemÃ¡ v plÃ¡ne byÅ¥ v telke, takÅ¾e to je irelevantnÃ©. Po druhÃ©, je to moslimskÃ¡ krajina, k alkoholu majÃº inÃ½ vzÅ¥ah a po tretie, urÄite by ich to pobÃºrilo. TÃ¡to vec ti mÃ¡ skÃ´r otvoriÅ¥ oÄi, Å¾e aj Älovek inej farby pleti ako bielej mÃ´Å¾e uznÃ¡vaÅ¥ slovenskÃº kultÃºru, veriÅ¥ v rovnakÃ©ho Boha, mÃ´Å¾e hovoriÅ¥ plynule slovensky a hlavne aj byÅ¥ SlovÃ¡kom, v tomto prÃ­pade Slovenkou. Je rok 2018, tak sa nesprÃ¡vajme ako keby sme boli v 15. storoÄÃ­ ",0
Ondriska JanÃ­Äek,Multikulti kiska im zaplatil dolÃ¡re. ,0
Martina Stevens,"Takze v saudskej arabii taka reklama nebude,lebo by ich to poburilo....ale nam tu mozu tlacit hocico a ked sa ozveme tak sme netolerantni?! ",0
Jani BaÄi,Jan Rybar SlovenskÃ¡ rasa nie je. ,0
Zdenci HoÅ¡ek,Vlado VolosÂ pri tebe mozem napisat len jedno aj blbi lidi taky lidi lebo aj na vas svieti slniecko pri niektorych mam dokonca pocit ze maju upal .No nic takze za 3 roky sme neurobili nic no to je teda smutne zit v nevedomosti hrat sa na majstra svetlaÂ a truhlika v jednom predlozili sme viac ako 35 zakonov niektore z nich by realne pomohli obcanom a hlavne by sa prestalo robenie deti ako biznis cize zmena socialneho systemu ale toto urcite vies kedze si taky scitany a rozhladeny a kedze dokazes pouzivat google tak ti odporucam si najst nasu pracu na nasej oficialnej stranke ale to sa tebe nechce lebo ty uz si taky mudry ze pri tebe puka zavistou aj salamunova rit .Dali sme najviac faktickych poznamok z celeho parlamentu ale aj toto urcite vies a urcite vies kedze si truhlik aj ten vsade bol vsetko videl a vsetko vie odporucam sa a uz nepis nema to zmysel ukazujes len ze si trtko co si nevidi dalej od nosa ,1
Jan Peter,KoÄ¾ko rokov si mal keÄ Harbin bol vo vlÃ¡de? EÅ¡te si chodil do ZDÅ  tak mÃ´Å¾eÅ¡ veÄ¾kÃ© hovno o tom vedieÅ¥! ZaÄÃ­nate robiÅ¥ to iste Äo robia vÅ¡etci politici jeden na druhÃ©ho to Vas najviac zaujÃ­ma. ZlÃ¡ cesta ! Nezaradil extremizmus do tresneho zÃ¡kona ! Sprostosti !!! ,1
Dalibor Daniel DrsnÃ½ Neporazitelny,"Martin GalaÂ hanbu si robis sam ked sa zastavas kokota Harabina, ktory vo volbach prepadne ako cigan v Å¡kole ",1
Targosova Anna,Juraj GacÃ­k Å¡koda Å¾e v Äase keÄ si sa narodil Å¥a rodiÄia nedali na adopciu k buzerantom ! Lebo toto ma v plÃ¡ne ta tvoja Äaputova a mistrÃ­k a aj inÃ© sodomisticke zÃ¡mery! Dnes by si takÃ©to bezduchosti nepÃ­sal! Len ten kto si deti vie splodit nech ich vychova ! Buzikovi toto asi zbytoÄne piÅ¡em......si z koÅ¡Ã­c? Jaaj z tade veÄ¾a buzerantov ,1
SaruÅ¡ka Å½igovÃ¡,Mazurek ti chcez vibudovat novy stat spolu z kotlebom a coto bude za stat HITLTROVSKY Vicistite stat od IGANOV na tom vasim pojebanom mityngu su len sami RASISTI poriadny clovek vas nepojde pocuvat a podporovat ,1
Milan KrajÄi,Super..... Ale ta krava to aj tak nepochopÃ­!!!!! ,1
Marcel Harhovsky,Presne tak...nechceme aby tu znasilnovali zeny a vrazdili ludi tolko... je to chamrad 99% z nich a nebude to ani nikdy pracovat taktiez ,2
Tibor Vano,DobrÃ© si tej jebnutej piÄe naloÅ¾il.Ta piÄa potrebuje asi poriadny kokot preto ich tak obhajuje ,2
Martin Straszer,BuÄ je nahulenÃ¡ alebo nemÃ¡ vÅ¡etkÃ½ch doma normÃ¡lnych na Äele s jej matkou Äo ju porodila!!!ğŸ¤®ğŸ‘ğŸ¤®ğŸ‘ğŸ¤®ğŸ‘ğŸ¤®ğŸ‘ğŸ¤®ğŸ‘ğŸ¤®ğŸ‘ğŸ¤®ğŸ‘ ,1
ZoliÄ Matejko,mna by zaujimalo co myslela ta piuÄa tym ze maju slovaci strach z neznameho ....po celej europe je uz od nepameti zname ze muslimovia su zlo ..uz parkrat sa pokusili si nas podmanit a toto vsetko je len dalsi pokus (menej napadny) ...a ty politici ktory s tym suhlsia by si zasluzili pomalu a bolestivu smrt ...napichnut na kol a la Vlad Drakula ,2
Lydia Janssen,Vystihol ste to sprabne ne to skusi mozno jej to znasilnovanie aj dobre padne ,2
Marej Majo Veliky,Asi jej chybaju das 4 falatky...ta nech ide ku nim do afriky...bude mat doost...ceÄ¾atkoÂ ğŸ˜‚ğŸ˜‚ğŸ˜‚ ,2
Zdenko Guoth,"VÅ¡ak nech ide cikula preÄ s parlamentu ,Äo tam vlastne robia takÃ½to na pÃ´de SlovenskÃ©ho parlamentu ,Ja toto nechÃ¡pem vÅ¡ak je na Slovensku tak mÃ¡ hÃ¡jiÅ¥ vÃ´Ä¾u Ä¾udu SlovenskÃ©ho ,ak nie paÄ¾ do piÄe odtiaÄ¾to a nie sa s Åˆou baviÅ¥ a poÄÃºvaÅ¥ jej vyhlÃ¡senia. ",1
TomÃ¡Å¡ PolÄÃ­k,Obeste ju za vlastizradu!!! ,2
Jaroslav Uhrin,To je krava Å¡ialenÃ¡...Â ğŸ¹ğŸ¹ğŸ¹âš°ï¸ ,1
Anna IvankovÃ¡,ta glupana nevie Äo hovori krava ,1
peter chudz,Neklam sam seba nas neojebes ,1
Janka Prva,"My volÃ­me Mariana Kotlebu a ty sa tu nerealizuj, lebo zbytoÄne ",0
Juraj Vichr,Â pride rada aj na jeho gebulu,2
Andrea Gyureova,Nech dostanu rovno kazdy mesiac milion na ucet. Ved su to chudaciÂ ğŸ˜¤ğŸ˜¤ğŸ˜¤spinavci .Normalny clovek ledva vyzije z vyplaty do vyplaty a to nikoho netrapi . ,1
Marcela Zitrone,Andrea Gyureova Å¡pinavÃ¡ si ty a nie mi zodvihni zadok a rob a budes mat a nezavid ! OdpornÃ¡ rasistka a ani pÃ¤tou sa nemÃ´Å¾eÅ¡ ku nÃ¡m prirovnaÅ¥ tvoja inteligencia naznaÄuje Äo a kto si ... ! ,1
JoÅ¾i Jano,Jozef ZÃ¡vadskÃ½ ty hajzel ja som zamestnany 45 rokov ,1
Andrea Gyureova,Lacike Wensday tahaj do pice,1
Andrea Gyureova,Â Lacike WensdayÂ tahaj do pice eate raz ,1
Berna KubovÃ¡,"TO JE UZ VRCHOL VSETKEHO,  A CO MI OSTATNI, MY NIE SME LUDIA . MY SME POVINNY LE PLATIT DRIET ,ROM NEMUSI. 6",0
rtin PuÄ¾o,Robte si poriadky s vasov vladou konecne neee tu vypisujete kokotini ohladom dreva a ciganov dementi ,1
Peter Belko,Jozef StrakaÂ si robÃ­te picu teraz ? Toto nemyslÃ­te vÃ¡Å¾ne? ,1
Katka Krokova,Â Treba si ten clanok celi precitat a tak tu nadavat vi dementi jedne ,1
Renata Benkova,JoÅ¾i Jano hovno u nas nerobia rozdiely beru aj ciganov dokonca aj takych retardov co sa vedia ledva podpisat ale vydrzia robit tak tyzden dva alebo do prvej vyplaty a uz sa neukazu lebo su lenivi ako vsi ,1
Stana Kovacova,vi gadzove a otom neznace hovorit ze vasi bieli pokradli miliony eur co dostali cigani z europskych fondoch aby mali roboty aby sa mali lepsie rasisti jedny skurveny tam sa starajte o vasich bezdomovcoch jak zobru a hambu robia nasi cigani trpia ale toto nerobia ,1
zuzana bulejovÃ¡,Jasne im vÅ¡etko zadarmo my si musime usetrit aby sme si mohli drevo kupit zobrat uver na cely zivot driet v robote za minimalku a im vÅ¡etko zadarmo.jasne drevo zadarmo byty zadarmo a este sa sÅ¥aÅ¾ujÃº.ony zaludky roztiahane od lezania a ty kvoli debilom pluzgere na rukach od roboty .nam bielym kto da co zadarmo. ,1
Petr KoRd Sindar,A nÃ¡m kdo dÃ¡ co zadarmo?My mosÃ­me na nich enom robit!PostrÃ­kat jak mandelinky!!!!!!! ,2
Vlastik Telvak,Miro Cimerman ty si aky sprosty ty pracujes kde si rusno vodic a co kupil si si rusen to taky komentar napise len debilni ludia z majoriti a ze to mi romaci sme hlupi sak taky komentar by nenapisal ani najvecsi blazon na svete haha ,1
Kvetka Dorotka Ternenyova,"VÃ¡m uÅ¾ jebe naÄisto. Ja budem robiÅ¥ a budem im posielaÅ¥ moju vÃ½platu.  Kurva Äo je uÅ¾ toto za Å¡tÃ¡t??? Do roboty !!!! Nech idÃº robiÅ¥,nie doma tancovaÅ¥ a niÄ nerobiÅ¥.",1
Arpad Ziga,Erika Nehezova mala si sa narodit romkov ty dementko a tieÅ¡ by si mala vÅ¡etko zadarmo taku sprostu ovcu treba ostrihat ked nevie gde je pravda a gde loÅ¾ vyrus na tvoju hlavu vygumovanu ,1
Petra MaliÅ¡ovÃ¡-KastlovÃ¡,Zase zadarmo kurvy Äierne byty zadarmo Å¡kola zadarmo lieky zadarmo a eÅ¡te aj drevo? MÃ¡m budÃº zvyÅ¡ovaÅ¥ dane i hniliakom Äiernym vÅ¡etko zadarmo .... toto je uÅ¾ v pici s tÃ½mto Å¡tÃ¡tom vy....m,2
Vladko VladimÃ­r Godla,Tu sÃº biely ich jebat do hlavi smrad Ä¾avÃ½ sa kÃºpu na ciroche a na RÃ³mov daÄo hovoria aj vy biely neste najlepÅ¡Ã­ ,2
Lucia LeuÅ¡ka,PatrÃ­cia HekovÃ¡Â a nemÃ¡me konskÃ© xichty jak tie dve ... hlavne henta piÄa zo Å ale Äo fetaka mala a otehotnela lebo jej poslednÃ© peniaze ukradol Äo mala na antiku .... boÅ¾e moooj a tu sa ide robiÅ¥ ...zabÃºda nato odkiaÄ¾ je ,1
Milan KrajÄi,Bihariovu treba nakopat do riti!!!!..ucitelia by ju mali zdrapit za tu parochÅˆu a vyzametat skolu s nou!!!.. Svina prasiva bude detom mozgi blaznit s jej debilizmom!!!,2
Mirek Ledecky,spinyyyy zasrate ,1
Martin Bulej,Celkom dobre hovori. Ja volim kotlebu! Lebo rodic jedna a rodic dva uz sa na nas vali z francuzka... Curaci ,1
Peter LapÅ¡anskÃ½,"Co dolina to potok, co liberal to...magor ",1
Pavol Dudic,Peter LapÅ¡anskÃ½ kokot ,1
Bob dark,"Pecen ty ÃŸkÃ»rvÃ«nÃ¨ bezcharakternÃ© hovÃ¤do. Si klamÃ¡r. MazanÃ­m komentÃ¡rov, pravdu nezniÄÃ­Å¡! ",1
Sofia Corleone,nezi minulostou.zi pritomnostou .inac nezijes ,0
Patrik Pecha,"Matej SalekÂ ty KRÃÄ½Â ğŸ‘‘Â ckockotov, ta Äo si jÃªbnÅ¯tÃ½, Abo blbÃ½??? VeÄ ti to jasne napÃ­sal, Äi ty ani nevieÅ¡, Å¾e tam bola vojna??? Teraz robia to istÃ© vo VenezueleÂ ğŸ‡»ğŸ‡ª, hlavnÃ© mesto Caracas, JuÅ¾nÃ¡ AmerikaÂ ğŸŒ, uÅ¾ rozumieÅ¡, ty dementnÃ½ bÄ…ÅŸÈ›Ä…Å•Ã°??? ",1
Patrik Pecha,"Marek BenikÂ presne tak, ale ten ckockot len provokuje, by som mu pitchu rozbil ",2
MatÃºÅ¡ Balog,Presne tak... ale tu ho budu obhajovat ako jebnuti 3 kokoti s 10 falosnyni profilama ,1
Eva Natna,Hajzel a aj ona nech zdochnu. ,2
Ivan Latta,Â Kiska napodobnil scenÃ¡r z 2-svetovej vojny keÄ Tiso vyznamenÃ¡val faÅ¡istickÃ½ch hrdlorezov za vyvraÅ¾denie tisÃ­ce SlovÃ¡kov. ,0
ProkeÅ¡ Proky Roman,ChoÄ do riti ti nemÃ¡Å¡ Äo hÄ¾adaÅ¥ v politike mali by Å¥a uÅ¾ koneÄne zavrieÅ¥ do basy a celÃº tvoju stranu magor ,1
Tony Tomko,Abi si matku pojebal ty rasista vijebany nauc sa hovorit rrrrr ,1
Zdenci HoÅ¡ek,"MilanÂ poznÃ¡Å¡ ma, keby ja som vedel 1x keÄ som ho stretol v Humennom keÄ bol posrany Å¥ahaÄ internetovÃ½ch kÃ¡blov keby som vedel co sa z tohoto chuja vykÄ¾uje tak sanku mÃ¡ otocenu naopak toto hovno je farizej a hlupÃ¡k no zÃ¡roveÅˆ Ä¾utujem jeho deti Å¾e budÃº vyrastaÅ¥ po boku bezcharakterneho otca ktorÃ½ sa zapredal a svoju ÄesÅ¥ predal za pÃ¡r striebornakov vÄaka takÃ½m ako je on sa Slovensko nachÃ¡dza tam kde je... ",2
VladimÃ­r Å Ã­pka,"bohuÅ¾iaÄ¾, takÃ½chto srÃ¡Äov je viac, ktorÃ­ sa dostanÃº na dobrÃ© miesteÄko prostrednÃ­ctvom zÃ¡sluhy niekoho inÃ©ho, len aby z toho mali vÃ½hody. Nezradil len VÃ¡s, ako stranu, ale vÅ¡etkÃ½ch poctivÃ½ch SlovÃ¡kov ",1
Jozef Bindas,OKAMZITE BY MAL TENTO ZAPREDANY JUDASSKY BASTARD VRATIT MANDAT LSNS. ,1
RadimÃ¡kovÃ¡ OÄ¾ga,"Hajzel, mÃ¡m na neho straÅ¡nÃº zlosÅ¥.",1
Marek OndruÅ¡ek,uplatili kokotka stava sa dokaÅ¾deho sa neda hnet vidiet bud bol ovca od zaÄiatku alebo sa ovcou stal ,1
Slavo Prokes,Zasraty hajzel,1
Peter RychvalskÃ½,Zradca a Zmrd,1
Peter Patrik,Bezcharakterny zmrd!,1
JÃºlius LiptÃ¡k,spina zapredana,1
Martin Adam,Â MatÃºÅ¡ Balog toto je fake profil si skurveny rasista s fotkou nejakeho roma ,1
Miluska Valika,MatÃºÅ¡ Balog si kokot abo Äo tu pÃ­Å¡eÅ¡ chujoviny Äo si doktor Å¾e nauÄte sa pisat rozumieÅ¡ Äo sa tam pÃ­Å¡e Äi nie ,1
MÃ¡rio Lorenc,"Ludia, toto je fake profil od Kotlebovskeho kok*ta. To, ze napises koment schvalne s chybami, tak ti nato niekto skoci? Ty holohlavy kar, mozes nam ciganom vylizat rite a vyfajcit kare. Tvoj kamos KokoTleba nebude nikdy prezidentom. ",1
SlavomÃ­r Sean Paul,Balog dilino kar ,1
piÅ¡ta kovalÄÃ­k,"Attika Bari ciganom nikdy niÄ nedÃ¡m kokotko, a Å¡tÃ¡tu dÃ¡vam pracovnÃº silu a dane kokotko.... ",1
&martin Matu turtak,MatÃºÅ¡ drÅ¾ uhel a sadnÃºÅ¥ do kuta. ÄŒo fajÄil si cicinu kotlebovi,1
piÅ¡ta kovalÄÃ­k,Juraj Gabor pravdaÅ¾e..... DotÃ¡cie na cigÃ¡nov ale splÃ¡caÅ¥ budÃº biele pracujÃºce rodiny..... Kokot im treba nie dotÃ¡cie..... ,1
MatÃºÅ¡ Balog,Jasne... vsetkych da do plynu... ,0
KandrÃ¡Ä Tyson DuÅ¡onÃ¡tor,MatÃºÅ¡ Balog ty si ties dobry deges hamba ti ,1
Christian Emilio Lopez ,"Michal Å tefaÅˆÃ¡k Od kedy mÃ¡Å¡ ty ÃºroveÅˆ ? VeÄ ty sÃ¡m si vypaltanec , eÅ¡te horÅ¡ie ty si mamin potrat ! EÅ¡te ty sa vyjadrujeÅ¡ na adresu rÃ³mov a k tomu sa im pchÃ¡Å¡ do zadku tak jedinÃ­ AsociÃ¡l si tu ty ! ",1
Roman ÄŒonka,MatÃºÅ¡ Balog chod vieÅ¡ kde aj stvojim jazykom ch..... moÅ¾em ti jebat na pravopis a nepiÅ¡ piÄoviny ,1
Roman ÄŒonka,Eva MrÃ¡zik ty z akej piÄi vieÅ¡ Äo tu piÅ¡u ludia Å¾e nepracuju uÅ¾ ste trapny stimi kokotinami ,1
Roman ÄŒonka,PiÅ¡ta KovalÄÃ­k ty buzerant vijebany moÅ¾em ty jebat na pravopis Äo tu rieÅ¡iÅ¡ za piÄoviny ty chuju pravda boli ,1
Roman ÄŒonka,MatÃºÅ¡ Balog nie teba neda do plynu teba si necha na poteÅ¡enie ty buzna vyjebana ,1
Roman ÄŒonka,PiÅ¡ta KovalÄÃ­k poriadny kokot cigansky ti treba dat do tej bielej huby buzerant ,1
Martin Sabo,Marek Palan ja Å¾e popravilÂ ğŸ˜‚ğŸ˜‚ ,0
Viera TranÅ¾Ã­kovÃ¡,Aj to Å¾e tu rozprÃ¡vaÅ¡ a vyjadrujeÅ¡ svoj nÃ¡zor je feminizmus ty hlÃºpa pi*a,1
Martin Å treba,"Å¤ahaj do kuchyne a keÄ prÃ­de frajer domov tak mu vyzuj topÃ¡nky a potom nalej poldeci a keÄ ti dÃ¡ po papuli, Å¾e si zas niekde hovorila na verejnosti, tak sa mu poÄakuj. TakÃ½to svet by sa ti asi pÃ¡Äil, vÅ¡ak... ",0
VladimÃ­r TranÄo,mal by ti otec sluÅ¡nosÅ¥ objasniÅ¥ remeÅˆom ,2
JÃºlius Michalko,VeÄ je to krava patrÃ­ do maÅ¡tali ,1
Jan Malatinec,Hlavne Å¾e dnes ciganocka zase trepala v relÃ¡cii na telo ako jej ubliÅ¾ujÃº a urÄite sa za to neospravedlÅˆi je to proste ğŸ„. ,1
Lubo Antal,Nema jej kto naklast po papuli???stena zajebane... ,2
Marek Majer,Filcka hnusna ze to rodicia nevedia do pice nakopat hlupanu,2
Jan Filicky,Å karedÃ¡ a hlÃºpa Äo s Åˆou ,1
Stanislav BalÃ¡Å¾,Soplava soroÅ¡ka ,1
Pavol VanÄo,"Caputova,kdo by tÃºto arogantnu kacu volil!!! Jedine baran!!!!! ",1
Zlata PaÅ¾ourekovÃ¡,"Vraj sa vzdÃ¡va v prospech ÄŒaputovej! Kdesi som tu ÄÃ­tala, Å¾e ju niekto nazval PuÄatovÃ¡ - to je presnejÅ¡ie!Â :-)Â :-):-) ",1
Bohuslav Galet,Vajciak je chuj o nas bez nas usa nechceme aziadne zakladne ,1
Miroslav Miro RidarÄÃ­k,Vtedy sa ta k........a netriasla ked jej danovÃ½ podvodnik ojebaval Å¡tat na daniach a ked vyhadzoval ludi z bytov a domov !!!VÅ¡ak ona si poradÃ­ hneÄ ako tohto ÃºÅ¾ernÃ­ka zavrÃº .....VÅ¡ak ona si poradÃ­ .....UrÄite mÃ¡ nieÄo uliatÃ© !!! ,1
Daniel Elita Vendeta,Po voÄ¾bÃ¡ch sa mÃ´Å¾e Ã­sÅ¥ obesit do pivnice.,2
KatarÃ­na SvoreÅˆovÃ¡,"A koÄ¾kÃ­ si vzali aj Å¾ivot, fuj Å¾e mu nenÃ­ hanba klamaÅ¥ ",0
Majo Marian NajmenÅ¡Ã­,Obesit ho bastarda ,2
Martin Stiborek,"Cela zlodejova mnohopocetna rodina sa posrala, nech idu do p... ",1
Milan Hlavaty,Som v pici jak sa mu to sype...,0
KrisztiÃ¡n Judit Seder,"Ked kvoli jeho nebankovkam ostali rodiny bez striech nad hlavou aj vtedy plakala jej dcera? Alebo ked lufia spachali samovrazdy kvoli tomu,ze jeho uzernicke uroky uz nezvladli splacat???? Koho to zaujimalo? ",0
Zuzana ParaskovovÃ¡,"Macron je primitÃ­v,a teraz nech mi zakaze soc siet.",1
CtihodnÃ½ ObÄan,"Makaron je hajzel a zmrd. Je to zradca EurÃ³py, EurÃ³pskeho nÃ¡roda. Kto nebude voliÅ¥ Kotlebu, tak ten je tieÅ¾ zradca.",1
Jan Svitok,"Nech ho vyfajÄia vÅ¡etci migranti Äo sÃº vo FrancÃºzsku a nech mu pretiahnÃº, Å¾enu, mamu,dcÃ©r,sestru aj tÃº jeho kurvu kamarÃ¡tku merkelovÃº vÅ¡etci migranti,Äo sÃº v celej EurÃ³pe !! AÅ¾ sa nudÃ­ a nemÃ¡ Äo robiÅ¥,nech mi prÃ­de zÃ¡hradu z oraÅ¥-buzerant !!",2
Tibike Annubis BaÄikes ,"ved jej volici sa zbadaju ked sa na sk nezmeni nic k lepsiemu,ale naopak...najradsej by som vyfackal kazdeho co jej dal hlas a trocha mu to vtej hlavicke drbnutej upratal ",2
Jaro PIllar,ten skurvysyn oÄom toÄi smrad po....y toto su tie soros dementne deti ved chlapÄek nevie v ktorom filme hraje chudak,1
Jaro PIllar,a take kokotiny volili ÄapiÄku,1
Erik Tomko,Ti si kus chuja,1
Jozef KotÃ¡sek,"Erik TomkoÂ ved to je zasrany spratek, a to ami jeho rodicia nevedia, naucil sa pisat atrochu americkych filmou, co sa vyklube? A.nema pravo volit to si bude musiet pockst aspon 4 roky, ale ritka ho uz asi svrbi",1
Peter Zubko,"TotalnÃ½ magor, ale Å¾e totÃ¡lny, chudÃ¡Äisko",1
Milan hd Vitalos,"Treba ho asi na ulici stretnÃºÅ¥, by som bol zvedavÃ½ akÃ½ je hrdina, idiot",1
Edmund Herzog,"No a potom keÄ sa s takÃ½m naferovanym jebom, ktorÃ½ si o to koledoval nieÄo stane,zaÄnu jeho biolÃ³g.autori,ktorÃ­ nemali na jeho vÃ½chovu zjavne kedy vyplakavat do telky aj s jeho tupymi rovesnikmi, akÃ½ to bol vesely talent,bÃ¡sniÄky ake pÃ­sal... a nakoniec ich eÅ¡te havrani kokot pozve do verejnopravnej tv na celospol.debatu jak pokroÄilo vyÅ¡etrovanie a Äi sa niekedy este nÃ¡jde...no nenÃ¡jde taky Å¾idobolsevizmom nakazezeny bioodpad odrodily uÅ¾ aby sa stratil!",1
Marian Lovas,"dajte mu tam niekto po tej sproste papuli,lebo ma trafi Å¡lak",2
Peter RychvalskÃ½,Toto stretnuÅ¥ tak to nerozdycha,2
Peter RychvalskÃ½,a ty hrdina bez foto zasran,1
Peter ilavsky,"Zabi sa ty,ty debilnÃ½ kokotko...",2
Jozef KotÃ¡sek,"Ty odpad, v riti si bol a hovno vies akym pravom chces, ty odpad co s tebou mal otec ostat plot kritizovat pracujucich zrobenych ludi co sa dozaduju pravdy ty semeno nedonosene s mozgom komara, sa uz zobud, tu ty nesiahas ani po clenok tym ktorymi opovrhujes",1
Peter RychvalskÃ½,Ondrej HozlÂ uÅ¾ sa zosral zmrd zasrany,1
Robert MolnÃ¡r,Pozrem si fotku a vidÃ­m ze je TO polodement ...,1
Andrea Krajlikova,Ako sa opovaÅ¾ujeÅ¡ tak sa vyjadrovaÅ¥ ty tchor radsej ta mal otec viplut do potoka ako ta stvorit,1
Veselsky Dalibor,ÄŒistÃ½ Kokot,1
Jaro PIllar,ten skurvysyn oÄom toÄi smrad po....y toto su tie soros dementne deti ved chlapÄek nevie v ktorom filme hraje chudak,1
Peter RychvalskÃ½,ÄalÅ¡i koment tohto zmrda,1
Jan Golfik Juhas,Ãšplne jebnuty parchant niÄ ine,1
Jan Golfik Juhas,Tebe treba ty potrat uchylaka si oka Å¾e Å¥a napravÃ­ vÅ¡ak si si to volil a to aj tvojej vydarenej rodinke nech vÃ¡m chutÃ­ a keÄ bude mÃ¡lo vÃ¡m dajÃº aj viac je ich dosÅ¥ tak aj mater tvoju aj starÃº a tvoju dceru ty zvrÃ¡tenÃ½ Ãºchyl toto ti treba priat,1
Martin STibora,Mozog by mu trebalo vystreliÅ¥Â ,2
Peter Zubko,Vyhrala psie hovno aj spolu s tebov ty magor,1
Edmund Herzog,"UÅ¾ sa aj posereme z tÃ½ch zdegenerovanych bukvic prihriatych, ktorÃ© musia strÃ¡Å¾iÅ¥ kuklÃ¡Äi,aby mohli vijst na ulicu..len aby neutekali do piÄe odtiaÄ¾ aj s tou ich cuzou captavou s gulami v rici,kÃ½m ich nekÃºpila do tÃ½ch satanskych gebul fetackych!",1
PerÅ¡alovÃ¡ Zuzana,To Äo za dementa?Na strÃ¡Å¾ Slovensko,1
Jozef PolÃ¡Äek,kokot by dostal takÃº medzi oÄi ze by ho Å¡lak trafilo magor jeden....,2
Imo Imi,keby sa dalo tak si z vazenia poziciam chlapa co zenu nevidel 25 r. a pustil by som ho nanho aby mu vymrdal anal a potom by som sa ho opytal tak co chces este caputovu ?,2
KatarÃ­na LaukovÃ¡,Treba ho nahlÃ¡siÅ¥ zmrda jednÃ©ho.,1
Falko Pavol Nicpan,ZistÃ­m odkiaÄ¾ je postarÃ¡m sa oÅˆho,2
Vladik Uljanov,Emil hodal tak strasne rad by som sa z tebou stretol osobne verim ze by sme sa rozpravali velmi dlho....â˜ â˜ â˜ â˜ ,2
Nikolas Marcin,"Potom keÄ jej voliÄov vÄaka nej budÃº jebat migranti budÃº si spievaÅ¥ pritom ""Äaputova je Äaja""Â ",1
DÃ¡vid KadleÄik,Mamka ho mala utopiÅ¥ v plodovej vode kokota...,2
Jozef HoÅ¾dora,KatarÃ­na PotaneckÃ¡ ty sa oplachni rÃ½chlo ty hovÃ¤do jedno jeble ty si tu Äo o sebe myslÃ­Å¡,1
KatarÃ­na PotaneckÃ¡,"Jozef HoÅ¾dora myslim si vela,,,,,a nemusis sa namahat,lebo taka chodiaca spina,ako si ty,ma nedokaze urazit!!!!!! Pochopil si to? Ci nie? Pri tom tvojom vykone mozgu!",1
Jozef HoÅ¾dora,KatarÃ­na PotaneckÃ¡ ja aspoÅˆ ten mozog mÃ¡m ty hnusobaÂ :),1
Zuzana Å vidrÃ¡ÅˆovÃ¡,To takÃ½to geneticky zjeb preÄo nedajÃº fo sprÃ¡v.. Chcela by som vidieÅ¥ ako by frajeroval pred celym Slovenskom.. Debilko..,1
ChupÃ¡ÄovÃ¡ Danka,VymletÃ½ debil... Asi z pomocnej Å¡koly...,1
Viliam Gasperan,To je len dvokaz toho ze ropucha caputova je tak isto psychopat ako ten degenerovany curak a debil metlovic,1
RastiÅ¡ Yamahak,Je to piiiiiiiiiiiiiiÄaÂ ,1
Libor Krnan,Dement si da Äaptavu na profilovku to uÅ¾ Äo,1
Robert Pastirik,Man ty magor a Äo nie je preÅ¾itok IslÃ¡m?buzeranti a pedofili?AmerickÃ½ faÅ¡isti a Å¾idia?,1
Roman Grega,Å¤ahaj dopiÄe hajlovaÅ¥ inde,1
Martin behan,ty pal do piÄe ty kkt zdegenerovany. laxi lexi elizabeth thompson napÃ­sala len a len pravdu. ty si cigana asi nikdy nevidel moÅ¾no v telke,1
